Transaction ID,From,To,Value,Date,Time
0xf4a118d8c9c306bc12ab45ab0d4ee58481cb288027be8dfc8a6a15acf0769ac4,0x2d53c98aee1bb04337f8e32f2c4cb9aa2b2ac1e3,0xdb2b3db44820526e7472dea06506b2e40506b3b9,0 ETH,2019-12-29,18:26:26
0x6f9c36c0042295e5e928791efdb981d0d2eaacd0bcea21ecd15c137e2ad00a86,0x52bc44d5378309ee2abf1539bf71de1b7d7be3b5,0x16db2ff40df3525a8bc551ae49014bb922391f29,0.05004 ETH,2019-12-29,18:26:26
0x6a74a11a72e30fc56e52a55703d13af83ef6c4cf379528c4b24364ee3f28cfd7,0x52bc44d5378309ee2abf1539bf71de1b7d7be3b5,0xd30da56d282d682455fa88b0cf41fa3e3acfe74d,0.20019 ETH,2019-12-29,18:26:26
0x31bbc469db3b8e57d1e5af6279dd975f0d869237a459a19d47ceb882ea44c152,0x52bc44d5378309ee2abf1539bf71de1b7d7be3b5,0xb6c6ccc5e9ce0efc740fec684243263ca9984b78,0.20593 ETH,2019-12-29,18:26:26
0x9548319d4e070493911f15e154997597c30cd2d7bf01dac24c1a96a8e1acd031,0xd4663aaab582a194a253267227b5c511c5193383,0xf8a4d3a0b5859a24cd1320ba014ab17f623612e2,0 ETH,2019-12-29,18:26:26
0x71b5013f3f114e22555dbd4484f9a798ac0f9d40b148365427a7447a686333ff,0xf008e2c7a7f16ac706c2e0ebd3f015d442016420,0x867ffb5a3871b500f65bdfafe0136f9667deae06,0 ETH,2019-12-29,18:26:26
0x343f3c5fe04d2f21de3a98d9bd9d8c84680d51c62367979f0ccde18252d060f1,0xd7a04de79fd06ed3cf84371cd3186a5c613486ad,0xdac17f958d2ee523a2206206994597c13d831ec7,0 ETH,2019-12-29,18:26:26
0x5063ebe47c101e9e858156df1e656f7d1efe501cd6bf78e2fb64bc97809e2c83,0x8dfe3c04ee0556c543a5d1d22a1985f5d3cee005,0x26e0fac50ab027563ac2ce4ee0732fef9a068bbe,0.04617 ETH,2019-12-29,18:26:26
0x49afc03ca3e933dd7e63642546867932dbbda7b7214867f8d85eaf8520e1ef3e,0x58a20769b0588dd8ae086e053b9315c83198e0a9,0xfac701d9554a008e48b6307fb90457ba3959e8a8,0 ETH,2019-12-29,18:26:26
0x474a2d60850afdb80f65aa527554f20a6db241e21d4b8d5196c482958edd1f96,0x2c9c516a050616e3290f58fe312a4221b410c73b,0x3733cbfc05148b209579b8cdb2bfe989fbfd28a6,0.05062 ETH,2019-12-29,18:26:26
0x732c56debf8fbc45008b5c5da95474492d1b5fad0411fa732910c42b59c560de,0xa94da34c43337916ab1d1ba10833a61994b430bf,0x74b89cafb0a8b5d3c74a2900b914401ac7d94ec5,0.1 ETH,2019-12-29,18:26:26
0x642843ea7e8e979274e813c00cc8a228e2f79791475eef5135a9425b08ead33b,0x9a75eabb817b9cbff16d84c18dbb2dadb18309c6,0xbc2faad1ec407571249b0e874a9abd840111389b,0 ETH,2019-12-29,18:26:26
0xe16d306f138eb339d0b69f9e56026940c33aa24734b1b1159f47116ba6b93d97,0x9a75eabb817b9cbff16d84c18dbb2dadb18309c6,0xbc2faad1ec407571249b0e874a9abd840111389b,0 ETH,2019-12-29,18:26:26
0xd0e8beafa9a3843c4be27e4f82bb700526ce95356b6bf64681ae765aa561fc04,0x9a75eabb817b9cbff16d84c18dbb2dadb18309c6,0xbc2faad1ec407571249b0e874a9abd840111389b,0 ETH,2019-12-29,18:26:26
0x7d45ff4d498a12117ecaf6e698d3364475570183ab25069c8538fe4690f4e1c7,0x9a75eabb817b9cbff16d84c18dbb2dadb18309c6,0xbc2faad1ec407571249b0e874a9abd840111389b,0 ETH,2019-12-29,18:26:26
0x95f5da8a03ddf290e8f2b71c2ef2584a70ea60e97863f89012e824fe2aaae299,0x9a75eabb817b9cbff16d84c18dbb2dadb18309c6,0xbc2faad1ec407571249b0e874a9abd840111389b,0 ETH,2019-12-29,18:26:26
0x9ec5272b1912b0a26090a9c1779b748bb1d7d1c107841462481ba61feaeb1c70,0x9a75eabb817b9cbff16d84c18dbb2dadb18309c6,0xbc2faad1ec407571249b0e874a9abd840111389b,0 ETH,2019-12-29,18:26:26
0x3cc23f37932cba4135059cac3c8d6cd26503c0d6939bc7be9851c56fdab0e070,0x9a75eabb817b9cbff16d84c18dbb2dadb18309c6,0xbc2faad1ec407571249b0e874a9abd840111389b,0 ETH,2019-12-29,18:26:26
0xdf0ef7f96fb1f8ec77afa65e46050ede513f8733f4f960cb0fac3cf1ea513c98,0x9a75eabb817b9cbff16d84c18dbb2dadb18309c6,0xbc2faad1ec407571249b0e874a9abd840111389b,0 ETH,2019-12-29,18:26:26
0xa533cd5d62cba167feef2855f04e48b16619bf77e73ec3ad0860b359dd14a5b4,0x9a75eabb817b9cbff16d84c18dbb2dadb18309c6,0xbc2faad1ec407571249b0e874a9abd840111389b,0 ETH,2019-12-29,18:26:26
0xdb25b8f8aeaf45e48cb95f96bda9ab05310f82c7299ca1935e16922f8c474d79,0x9a75eabb817b9cbff16d84c18dbb2dadb18309c6,0xbc2faad1ec407571249b0e874a9abd840111389b,0 ETH,2019-12-29,18:26:26
0x655682fddd7a363097eb567d4199acd9199d992c4332e47fa3f6f7081a9ba6ec,0x9a75eabb817b9cbff16d84c18dbb2dadb18309c6,0xbc2faad1ec407571249b0e874a9abd840111389b,0 ETH,2019-12-29,18:26:26
0xd7ab11be0da82b39cfbb68f0fc9bafd904df5513cbf37a401ad0b3cb9fa5a8b8,0x9a75eabb817b9cbff16d84c18dbb2dadb18309c6,0xbc2faad1ec407571249b0e874a9abd840111389b,0 ETH,2019-12-29,18:26:26
0xc158ddec03fe12248a14374218167568daae93decf771023c1d383d34c311642,0x9a75eabb817b9cbff16d84c18dbb2dadb18309c6,0xbc2faad1ec407571249b0e874a9abd840111389b,0 ETH,2019-12-29,18:26:26
0x77561cab987917af301447ae7d26aa34de12014d4724319aeb99e69f4875e4cd,0x9a75eabb817b9cbff16d84c18dbb2dadb18309c6,0xbc2faad1ec407571249b0e874a9abd840111389b,0 ETH,2019-12-29,18:26:26
0x18f5e260e0f0793764965ed5a6c07e692b3854019a9ec3e34ae488f000dca60f,0x9a75eabb817b9cbff16d84c18dbb2dadb18309c6,0xbc2faad1ec407571249b0e874a9abd840111389b,0 ETH,2019-12-29,18:26:26
0x74fc4707424f4e82361c54ec18bc5a88791ae690cf608bb381a166e0696496bb,0x5ccaaae7bea14e8e04fb0fc7ed16df49d5678eb8,0x463cd03db739b8a8c67adc8732f708a649478681,0 ETH,2019-12-29,18:26:26
0xcae71758115fc4f558470dc0194934c531cddc18d56f6dc26b7f3028dec8b65a,0xcfb34317510f0dfede1521bb6e9f267f13244436,0x77c07555af5ffdc946fb47ce15ea68620e4e7170,0 ETH,2019-12-29,18:26:26
0xcc6dde25753ffaaeb9a0ccfcc522e5758945712936e14997e772e5c278c8506f,0xe80f4f2b8b833f0e2bd739701a6a869577eec1d9,0x75ac71fe06b1ea8d403ccbc39e600c9acebc6cde,0 ETH,2019-12-29,18:26:26
0x8b11ec72fb7bf02e5067be08ba8da391d87309d165617aaede8672dce14cbf7c,0xaa3ee038335ba66417cf63f2ead0978cca66a1a2,0x97ea0d1d51e830e72c1c8d78db9b7381bd7c5df6,0 ETH,2019-12-29,18:26:26
0x02d16c312071113ccf03044f4acb684c36cc82ef6a2226b1d4a4b877629505e0,0x8bb5e0f0cfc1333c7f592c1e0cd6c463950cc532,0x9a07fd8a116b7e3be9e6185861496af7a2041460,0 ETH,2019-12-29,18:26:26
0xdb0753b1c7f442657559eb03943a1d9481da160675c49e274d91c45b9b8cd780,0xb542aaaa8e74b65062a35efd0dd18860ea0528a1,0xd008b1df337dc16613d9c9e783e95229680fcb92,0 ETH,2019-12-29,18:26:26
0xd9e031bdd6bfcf21eb2ee749a3b033a27301cc1a580997ce8f127b7442b8688f,0xfe79f8d7c0104bb9ab61f8b43c9c204c444eb2b0,0xd7cc16500d0b0ac3d0ba156a584865a43b0b0050,0 ETH,2019-12-29,18:26:26
0x9eab29559bbf1f7c7553d9911273d3defbfe17799c0448afe29d02c7b9734004,0x719b8be8e2c3f07575d41a2580011db702029e5b,0x164c93580839f40609ce0250dd4c98a25da175de,0.001 ETH,2019-12-29,18:26:26
0xdadf362631225b08d4ebeb2e76b7ba81931c6cad0fa9abadbae05ae1de2da417,0xdab6d4e7852c5d823be1ce0db79c08a38f3b6d81,0xed6b0dc3aa8de5908ab857a70cb2ff657d9b6c5d,0 ETH,2019-12-29,18:26:26
0x2f0667b3e6a52a37f225c2a36639269653179ad8743964a0b11bf3f1b8ad09b7,0x00f0360e443579714a0319fd72ab75ff07af29c1,0xf5ae0e27cf423b1ed6513c3ca35cc14c22ee66fd,0 ETH,2019-12-29,18:26:26
0x79ae09363accfb9f23e13e85b7015da8372b77076d9e68d740db69ea34bcb2bd,0xcbce79807b1ae1674d985e7496dbc22249378fc8,0x660e78e77b0a4eef978ef198c7229259f0eff8ac,0 ETH,2019-12-29,18:26:26
0xb71345611c2bff9a1c9b39e111fe11a6f555dd9c9f40a32fa37bcb012e954202,0x4210a4f019317e42273140f8a166ec2f8d27d836,0x3dae53ee778a324bd317bd270d6227406b6bd4ed,0 ETH,2019-12-29,18:26:26
0xb20629e0f8699921e16fef821acf8df49d57033cedc21356254a78c9e1026d99,0x08d1a7b70a3b1466728e8ff3ee39c016429126fe,0x0ba45a8b5d5575935b8158a88c631e9f9c95a2e5,0 ETH,2019-12-29,18:26:26
0x38ae70f351dd14b1734a456106b135b266fae0c784e27a95338e4a8523d6286b,0x66a69201ce37a30175cb617a1ff2ea0c435ed762,0xfaafdc07907ff5120a76b34b731b278c38d6043c,0 ETH,2019-12-29,18:26:26
0x032af70b14cd72ce4de9697ce38ea01b356ec8d5df6204ee014366f5ae081df6,0x1587c4c9b56b319e5d2458e9df73454ab7dc1df3,0xdac17f958d2ee523a2206206994597c13d831ec7,0 ETH,2019-12-29,18:26:26
0x1d2bc339a947e4104377fb3e27217cb4419ec637d70b62ddf24463a6a0fa4c71,0xb0a4e99371dfb0734f002ae274933b4888f618ef,0x39755357759ce0d7f32dc8dc45414cca409ae24e,0 ETH,2019-12-29,18:26:26
0x9afa30e9f626c5e4566227909599d8ceaf50cd2182106994db698846ae89220d,0x0429c8d18b916dffa9d3ac0bc56d34d9014456ef,0xb1690c08e213a35ed9bab7b318de14420fb57d8c,0.002 ETH,2019-12-29,18:26:26
0x05c59b85424d042b5045b88e90a254f276701060d1fd07ad1dc5834899e46391,0x0008d343091ef8bd3efa730f6aae5a26a285c7a2,0x76481caa104b5f6bccb540dae4cefaf1c398ebea,0.0615 ETH,2019-12-29,18:26:26
0x7317118518ff201df539f14fda75a8f0885951a8d6c962d8920f3ba29334dc3e,0x0008d343091ef8bd3efa730f6aae5a26a285c7a2,0x76481caa104b5f6bccb540dae4cefaf1c398ebea,0.05996 ETH,2019-12-29,18:26:26
0x04391c8229c6d4e9ff423ad00a767dbebbd78e921dcd84a6eff189533f98b956,0x0008d343091ef8bd3efa730f6aae5a26a285c7a2,0x76481caa104b5f6bccb540dae4cefaf1c398ebea,0.05996 ETH,2019-12-29,18:26:26
0x2bf7f42b4181bb0cc0430f113806249baa9d1596e68ae581aeeb1bdb19f5aa86,0x0008d343091ef8bd3efa730f6aae5a26a285c7a2,0xa3ac9844514b96bb502627ca9dceb57c4be289e3,0.05565 ETH,2019-12-29,18:26:26
0x56123dd9f978f945358d3fb60ada37017666bb58d052e69f4e30d747088667b8,0x09a422011e38b46960aea2295c9defd72fcb0519,0xcfb19358876f4f36f4a4fe7f0322b35147a319bc,0 ETH,2019-12-29,18:26:26
0xa79c8f15808299060c6c036bdc22265370a277b154a27c05a55b13b2fe7047f0,0x984ff8cdb5d6a71fea29518729212158dac5e050,0x923c90b98ee834d118c85ddf44906ee1769df648,0 ETH,2019-12-29,18:26:26
0xa974a3f8c23c0fc587fb9e938c16a270b476772ff78e439dc90ad1c8a63e7cf5,0x1aef8de13189315749ab73dbf6b732a84a7911cc,0x923c90b98ee834d118c85ddf44906ee1769df648,0 ETH,2019-12-29,18:26:26
0xbc4d6c22f78bc4de4110291a1e8ab81fb7800e26c74d954c3e82add7d9a4c9e7,0x00192fb10df37c9fb26829eb2cc623cd1bf599e8,0x7fda83b1612c9b87b6cdd602d36f4812a307839a,0.05237 ETH,2019-12-29,18:26:26
0xb480f9f8902616c86ca6b4cdfc0cd443eb5fbf08534eea6f0cf1f6e05ad0433b,0x00192fb10df37c9fb26829eb2cc623cd1bf599e8,0x8646ca47be93c10f5008e1994921f580a075ef1e,0.06052 ETH,2019-12-29,18:26:26
0x6ccb8fe0c644ca0be9288b1aebe83007d29982f275acd9ff372f311f5edd75b2,0x00192fb10df37c9fb26829eb2cc623cd1bf599e8,0x6e28fb755ca02c9891501c31fb25aa71d73dc6ff,0.05048 ETH,2019-12-29,18:26:26
0x7660c65116c966f996500aba93aa7b60fa6a673de12d9a718b7e4f3923af7e7c,0x00192fb10df37c9fb26829eb2cc623cd1bf599e8,0x69f8ce3f85aa000266c0c06e46bbf5cbb288be82,0.05035 ETH,2019-12-29,18:26:26
0xe8015f417c5e757e6b427a7b41d667b917a356305917aabf796a20732fb45b12,0x00192fb10df37c9fb26829eb2cc623cd1bf599e8,0x25857d501e0c8a4104485dfa86261edac34cf225,0.05101 ETH,2019-12-29,18:26:26
0x6046cffcd0c09742884ed9db9c713fa7f95cc7ff843a17d815d9597c465f5eac,0x00192fb10df37c9fb26829eb2cc623cd1bf599e8,0xbc58df441723b5e885b60e23e860a874372e751a,0.05442 ETH,2019-12-29,18:26:26
0x959ef870c21bf420fff15a50b885f1dcbc54d43bdab65412dc96597d20663ac5,0x00192fb10df37c9fb26829eb2cc623cd1bf599e8,0xd5725094b1e9e775c61d4293e5f34bb564291d3a,0.05221 ETH,2019-12-29,18:26:26
0x2dfc1bf23de3a09b41a33506b9a1c9901ae2e5735ce6e16a83dd564149b60377,0x00192fb10df37c9fb26829eb2cc623cd1bf599e8,0x831d2408b1a85424db79c744e98f2ff268dd6956,0.0507 ETH,2019-12-29,18:26:26
0x55567ce4464a1060086c7587b1a3ae40138750d7e1d15bcb125c68baf20e2045,0x00192fb10df37c9fb26829eb2cc623cd1bf599e8,0x07c063b5c4a4a878f367968e4b7b9618107557f2,0.05159 ETH,2019-12-29,18:26:26
0x6ec9c22de123019aad9700b45f0af87faf50ba0d544f2616035cf3fdb1e401c7,0x00192fb10df37c9fb26829eb2cc623cd1bf599e8,0x135bf93027348fd3e5df9369cf1a50de895ece8d,0.05016 ETH,2019-12-29,18:26:26
0x15bd289184fa8b214a3f8e764c8da5dd4e26b082521e21a7022e105d6e616811,0x00192fb10df37c9fb26829eb2cc623cd1bf599e8,0x5571b0223125433babf112f083b5ecd7414e90e3,0.07743 ETH,2019-12-29,18:26:26
0xe57bddd105ac37cc26c5063dd7739533afd23814c92a4257c0e489c4bd25beac,0x00192fb10df37c9fb26829eb2cc623cd1bf599e8,0x3ae23bb9747ec4f34f2c2a5ef80ef1c4d2da819b,0.05336 ETH,2019-12-29,18:26:26
0x318d91eaa6403b9a38017957135e773a52b4a1bd9483887e52ef0623ef236164,0x00192fb10df37c9fb26829eb2cc623cd1bf599e8,0x360aaef313bbbf12d4ddaf490e2d00ef2d4824d1,0.05363 ETH,2019-12-29,18:26:26
0xbe5af4896a5b618f1a72e08effde90ef26fafe650ae2d37e467e54007ece84dd,0x00192fb10df37c9fb26829eb2cc623cd1bf599e8,0xe3e01058bdaa30b02470bad1d0b7d03f1fc05691,0.05715 ETH,2019-12-29,18:26:26
0x7f99e1036e749c4f94805a424bcde8da8fbb447343861b7d0983b2844e630284,0x00192fb10df37c9fb26829eb2cc623cd1bf599e8,0xf14f6b1ba78d1a4532474c7a92030419e042f34f,0.05007 ETH,2019-12-29,18:26:26
0xa86f3215e58cd4206dd5c0ab339025cfee858e7700b14fbb4fbc2fe3b0afb584,0x00192fb10df37c9fb26829eb2cc623cd1bf599e8,0x359d01af789cfc57907e838724e796cbd486ba10,0.06233 ETH,2019-12-29,18:26:26
0x6af8771938f806c02ea2eb2c049507ea10cc3b2b9b5c3452bc8e6fb1d46ac248,0x00192fb10df37c9fb26829eb2cc623cd1bf599e8,0x7bcba1f615f82406ed15d4f023a6eff54451171a,0.22705 ETH,2019-12-29,18:26:26
0xa769019585240258f84313a37842cac93f9c895262fd21fa9907b6589445c9ef,0x00192fb10df37c9fb26829eb2cc623cd1bf599e8,0xc3ff2622adf714efa8f82d9f9275b3732401ced2,0.06173 ETH,2019-12-29,18:26:26
0x57ef0031c8d2e0cac692defc899627f4868cb5a138c2ddee603165aecf7ca085,0x00192fb10df37c9fb26829eb2cc623cd1bf599e8,0xe19ffb70e148a76d26698036a9ffd22057967d1b,0.05007 ETH,2019-12-29,18:26:26
0xeeaa0a6522749e10fcf6ce7bee4d4d3dd3528ba0b41caf7ea7f6c86a332d71d2,0x00192fb10df37c9fb26829eb2cc623cd1bf599e8,0xbcaea61ba20d576795389224ef03d8691cb638ba,0.05394 ETH,2019-12-29,18:26:26
0xa254100b679806f1b666b1459f4c3c722da08839fe4a80267644e872f5c7aa37,0x00192fb10df37c9fb26829eb2cc623cd1bf599e8,0x926310eac76810f13f8473c5c1ad71b0104edc47,0.05102 ETH,2019-12-29,18:26:26
0x23ceb7ae41164fc45b241fb4bd11761ff101026588d797cc4f7e5de48f39fc42,0x00192fb10df37c9fb26829eb2cc623cd1bf599e8,0xa6e139f90d9ddf78b6505e70d7e85985c638e2d0,0.05051 ETH,2019-12-29,18:26:26
