Transaction ID,Address From,Address To,Value,Timestamp
0x401176c26eff16146c5d300f8dce8a47b578a6a5e673d9d2e5f9b8117ecef913,0x2be5851a51a1b60fedbab2b3926ba8c11df3cabd,0x8886d5906342e170cb564fda6aee80c9e6ebb959,0.11293 ETH,2019-07-28T15:46:03
0xb90033b01cb71c3e1fce8546ffe8c239c600808f113853aa2a963ff75f82e55a,0xc1120f8337f26e38cc87d9a2e4170b7e0c3d5b4a,0x514fd08e295d9d79ad364aa3e27e410784d87f33,0 ETH,2019-07-28T15:45:22
0x1bc12d625bccf64981f6db93f7baf333f93f1b76302b209ec08463bf44ac2beb,0x267be1c1d684f78cb4f6a176c4911b741e4ffdc0,0xf5c975a4090d00e7abd3c72bb4110db87e17fae6,59.995 ETH,2019-07-28T15:45:38
0xf424bbdaad3123ce261dce76ae5398dc30e87ea5dc30168e3fffd7ce7c3f2da4,0xe75535c31b9892c43d299a3f047c7b00e0651b7f,0x514fd08e295d9d79ad364aa3e27e410784d87f33,0 ETH,2019-07-28T15:46:03
0x2a7d1f1daabd93a82f8893088015e86511e7ac7f74715b76469ec078c0b5b2dd,0x0d0707963952f2fba59dd06f2b425ace40b492fe,0xb6e0afe991a46918aae4e14f5e912b9ccbdea9da,0.3358 ETH,2019-07-28T15:46:34
0x02850fae56cafb562dd24245283eda25dd0c27a1225cc903f675701747647d25,0x9a791f8a192bed3deb39fc1655b5506f13374196,0x8971f9fd7196e5cee2c1032b50f656855af7dd26,0 ETH,2019-07-28T15:47:02
0x82ff0a14d5781cde143f1ad18aa425ff25f3c2081e8810ce0544aa71ac4feca6,0x40181238bb602e1c5a20c4a59866cbe2b819956d,0xd9d4a7ca154fe137c808f7eedbe24b639b7af5a6,0 ETH,2019-07-28T15:46:34
0x635c91880fc838d57d8ded2adbf03cfeaead2583808edc6c968e947d986d4bae,0x4188aa10ad06ee84874a53cde66aa7c0557c6352,0x514fd08e295d9d79ad364aa3e27e410784d87f33,0 ETH,2019-07-28T15:45:22
0x7203172be4bf1c10a9a729f6fd24f24b0e23aefdf3dad53daa90dbf1c44fe35c,0x4cc4cada64e998f4424e3b9a6ff5ea29ff38067e,0x2a8396f2d103896499bc053233276603e6bc31ee,0.2959 ETH,2019-07-28T15:46:13
0x4d2735181d65bab9c544f5304b785aef145fcabf894cb5890fea18782dcc3900,0x1edb9539d67b0ceb929ae1f334a6c24499ae9cb9,0x58c69aff4df980357034ea98aad35bbf78cbd849,0 ETH,2019-07-28T15:46:03
0xb2961bc7a1c4be54f92e2e31945c76f4d9b927ddb19ab3e78be2d662f69fee2a,0x68787feb96433ecafe812ed75e7581c3006131a7,0xa1d2eff5a390c7cee2e826fb244dab2600f4dc65,0 ETH,2019-07-28T15:47:02
0xf5b4abacd1c4ec4c4d2822ad3442fb700a042a2414a79e5fdd473f05e825a5e7,0xc8dfcec53ab1102a38e8f96be8eba37fc5340c99,0x686b30a80826340a59afa564c2a01b79128eb7dd,0 ETH,2019-07-28T15:45:22
0x46b84107398a750bea8267e36593ef32ffd086d2e77caa7a35cf5b63cf04d32f,0x0d4856f66a049c6d42333673d040703dd30ce948,0x04cd48c02807a5b2443c6e50e274479642c41232,0 ETH,2019-07-28T15:47:02
0xf2f9837ec8d3ea97d97b01541f00e68a13f374e83d8ec36fa72459859098e574,0x57b174839cbd0a503b9dfcb655e4f4b1b47b3296,0xbb4a6a663b5fd533580d91562e4784f660b4d131,0.0187 ETH,2019-07-28T15:46:03
0xb4778ba251727b01355e8598f77f71006f853d9b2b44e5b2c65551a7c12e1919,0x9bc2f223026c252c8ef5f7f33f00f4bee21434b8,0xd75c3fb1c7486f001f7a9dfe6cd5ebc64e454614,1.2871 ETH,2019-07-28T15:46:48
0x5e3aadbb82ca879fa6b4b577b4f9f95ef98516aa6d6a11eceea9fe2716d2a6d3,0xaaaa05ffbedae6c39c73ebddd082b56e5a3054bc,0x2402b6fa4785866e8009f90da83d3bef27bb2ed3,0 ETH,2019-07-28T15:47:02
0x6a4279be602a84cce8b6116f100449d0b7a06cccc212120f2318991516e56ec2,0xf02d7dd8242deceb5ff41174da8d736c700b5d88,0x2e7746c6f2ee9c563d2c0d23a3c0017d27d85946,0.1 ETH,2019-07-28T15:45:22
0x5439dded43ccea529c83692aeb79be878b0777ffa692a63ac100740335011575,0xd1c6ba80895ce63b662e68a60d07934fd3a1e76b,0x7058aa96d426b902704dfdbaf6829f5e1f80ce01,0.02011 ETH,2019-07-28T15:45:22
0x6ff7e15c962cdd81694fd485067461d96de8e786b9e1eb047326bb6176e979bc,0x4e661da8e17529934452d91ec6273d74c6e02816,0xdac17f958d2ee523a2206206994597c13d831ec7,0 ETH,2019-07-28T15:44:33
0x95283a8f5e4f2b88e0abf619159f7b1f9b7af502970223286f5f03a4e4cc903b,0x4b729cf402cfcffd057e254924b32241aedc1795,0x745e2a00a13c4d664eca2cd79de1c261c571c53d,23.80406 ETH,2019-07-28T15:46:48
0xc9f6ae0a97796f04ed4efdb0f69fa4f94008ad43c089c2013432f0a550cb297d,0xa395f4c5b3063459896402bfda467713025fc1b2,0x867ffb5a3871b500f65bdfafe0136f9667deae06,0.20757 ETH,2019-07-28T15:45:38
0x22771e081a76723f946bb21af4d325c3e24942f2951a3359bf186942e9f5d062,0x2713c70eaac6d7c65d277c09ce84dfca81e7cf7c,0xde725d5d8ba8d45a66e2196aa4423f26505c39ac,0.005 ETH,2019-07-28T15:46:23
0x6bd7d63bfdbb032cc2f93a39e28ff559263ce19629230c902014ef748dc06595,0xab8d708006823317b6394b34ccfaba8df29149cb,0x1f973b233f5ebb1e5d7cfe51b9ae4a32415a3a08,0.06237 ETH,2019-07-28T15:46:03
0x26afcfc8f15f34587dce935e7022121dc00bb8482c2eed0b455a3571ab6cb15e,0xe94f33e3d6ad54cbb2035a704165416b75d6b36f,0xdac17f958d2ee523a2206206994597c13d831ec7,0 ETH,2019-07-28T15:44:33
0xe02c9d4a0a61b4075f7f257d377c1a9ee0c92329209804d2f67969fadff6020e,0xc5f7572a53f3d5336707d1147e55b1e20683be4f,0xb0f30284f3ba1a9b836eca9272db4194ece444d4,0 ETH,2019-07-28T15:46:34
0x43957d9cd64779c0719b6c8c860ce47fe9bbe0c390d0845b024ea6a4f5d4e535,0x9fd955721504ac8b31e344a1151cb931db5421b2,0x514fd08e295d9d79ad364aa3e27e410784d87f33,0 ETH,2019-07-28T15:45:22
0x5759a2acbb606d6002743abe2cde22e83fdf7d695d3b20f6043dc033a0ba9a28,0xd30500b737e36977d5797514fa51119652f2b3ff,0x62a364f7cba3be8fc9dcfdde12cabec8244af381,0 ETH,2019-07-28T15:46:13
0x3ceb6bfb42912827a83903174025e840d7b2d8b0454da67b5002bf6d1e917e05,0xa7a7899d944fe658c4b0a1803bab2f490bd3849e,0x2a0c0dbecc7e4d658f48e01e3fa353f44050c208,0 ETH,2019-07-28T15:46:13
0x419886a8328490e33a9dcc8170b766233928634dfa8a05ab26210ad73565fc01,0xe2fb24a90b91b29926d3b85a08a1477d3ff8ca46,0x2cd12274a3e93b9bf59d1babc7859aaf398be80a,0 ETH,2019-07-28T15:47:02
0x24651438c6fe55653084bf48ccf89726c147ff4b3a6d804637d42791e44c4764,0x73cc7d6b5ea93ab3612ecab06117fa77c37de3eb,0x1fb5b407527b4b5e8072c50113e612ce68e31523,2.494 ETH,2019-07-28T15:45:22
0x00183f9e4df39ec8562eeb8e640190954d1cb3d8128f8b24a7ffa4342e478149,0x99fe5d6383289cdd56e54fc0baf7f67c957a8888,0x21ab6c9fac80c59d401b37cb43f81ea9dde7fe34,0 ETH,2019-07-28T15:44:33
0x3b318c0fe8db6443bcba051006ae19e52fd2b4511126b681b1de7d82a2ceaf21,0xc0440f8276d024ee149385304cf6dcc9c6e358eb,0xf0155486a14539f784739be1c02e93f28eb8e960,0 ETH,2019-07-28T15:46:48
0x0d67799112500e7a00106bf459b4ff89b0d1edf99b27335959b69b819fbf32dd,0xe7eda7a500dae516dc8f5aaf3b98a5d6d7a4ec53,0x777f415324d56e1d54fa832902d8797db7a4c57c,0.01161 ETH,2019-07-28T15:47:02
0x011858aa902990b3969f312c891da722355925d95a6a3b2ab0b3154e9dee2283,0xe903ed3271768688cb4d5ea2e178e3c8afa0818e,0x514fd08e295d9d79ad364aa3e27e410784d87f33,0 ETH,2019-07-28T15:46:03
0xfc9f0f74627ad570686b37f28d6b2618d0045b29066ef39d25a078f874a409eb,0xe501448c249a4f73544028711c3462374a2707a0,0x8e1b448ec7adfc7fa35fc2e885678bd323176e34,0 ETH,2019-07-28T15:45:22
0xc70c7e215fa3f0531e424f97d54b5bcf7b3aa4bc0235b2fb48b1636809cd3a6c,0x1de23fd86ce62273c5c3ef22bf5cbc61d896a0f3,0x514fd08e295d9d79ad364aa3e27e410784d87f33,0 ETH,2019-07-28T15:46:48
0xa630bd7ad19589b03028539f5128321dfcf30cd866c7fc0cbf053c48e2e3658d,0x2597af27c42940f3fbbcafc8d95caa835763c1e4,0xa3a086577da6f822f81c219318b18681e4ce69a7,1.99612 ETH,2019-07-28T15:46:13
0xb230dbf586d769f4506728176f1c846c28e47c9e6b3ee066dd75fa24925f8d9c,0x0681d8db095565fe8a346fa0277bffde9c0edbbf,0xe0b7927c4af23765cb51314a0e0521a9645f0e2a,0 ETH,2019-07-28T15:44:33
0x2bc591f3d4410ed9c08f395e4d5009a03c2aca3fdca388da462c735b9e9e40fc,0xfd2d91100c786fcb1f3e8103ca1880a869828b1f,0x7600977eb9effa627d6bd0da2e5be35e11566341,0 ETH,2019-07-28T15:46:34
0x172f6c9877502a87cbc917b66c6ad9b94908f5ab2c6b7c766a92e3b1ddf58847,0x620a3e5cddd2748e111a11810757f419d10b1aac,0x0b639c11832e92bab6368e06cce6b84f1c54395b,31.34389 ETH,2019-07-28T15:46:48
0xdd07cbfc4afec4546af6a223ccab592aba5c09ab1a7f98189ef324e63a233fc7,0x9712fffe840fa83109299e65267b5406e3eceefb,0x025d440bbbf7e58b0c44165008a0c074f0c89edd,0.0027 ETH,2019-07-28T15:46:48
0xa66f6e7da1d4a8a25060aad816b61c007f40a4e25153383971c6cb8f7a7f4cdf,0x231f46dc5308089d4992b6c3302ba93e68d6700c,0x04cd48c02807a5b2443c6e50e274479642c41232,0 ETH,2019-07-28T15:44:33
0x4f7689876a1ee3e6056a25bcc843e33e6cdb0b7fa5dce6575d409266479646a8,0x72d9e579f691d62aa7e0703840db6dd2fa9fae21,0x09cabec1ead1c0ba254b09efb3ee13841712be14,0.25313 ETH,2019-07-28T15:46:13
0xe19dd74c0adc5837ca6c28251ee9c30fa3810ab44790c1da11b40e0a460fe200,0xa1ea0a27c29f2c41a54772ded192ee24fc468cde,0xfc858154c0b2c4a3323046fb505811f110ebda57,0 ETH,2019-07-28T15:45:38
0x0238576bf77a211f8682aab950d3f94ad7dc7dfa89cc516d582bd3bf59980a58,0xa8564a9a7484878196b07175e3a27c5dfbadded5,0xa2b47bc1f3e58c30d7744ef1194e2dbb4363e287,0 ETH,2019-07-28T15:46:03
0x61e68a4ab96feb95a864c6f665bca81b805ee70ba72b9cf77d22481d44f448b7,0x6b59210ade46b62b25e82e95ab390a7ccadd4c3a,0x4e15361fd6b4bb609fa63c81a2be19d873717870,0 ETH,2019-07-28T15:45:38
0xb116703eba4c9cb321b3b2da1aeb0eb63a99564a88c7ef4b739c15369ce02922,0x0c76395622402b62e35279d834bf12876b568a11,0xcf5867e37bf2d90c0bcdf09d665a893191a83823,0.0007 ETH,2019-07-28T15:49:15
0xda1bb35290c56fe310fc516985c0d1703023631d43efd8baadba12c7a0ca7cc4,0x7f72657cdc691952e1e11df47df6fce33456bc04,0x3566978dc2d9856d3279a22f4eb9d52b1c249ae0,2.27997 ETH,2019-07-28T15:46:13
0x2c28b60703adc005e50c70d04d768c1ed30047c084b0e2773c73cda63c79bbc2,0x12599270d43b27850a24ea8f1d75993aa4515b02,0xdac17f958d2ee523a2206206994597c13d831ec7,0 ETH,2019-07-28T15:44:33
0x50a4c131bafd1b1e706afa5d04f054d26334f723a5803da213bab84b2f90f607,0x0ee9b5154e42ff11d6155d89d0ee5362e7a2e91c,0xff603f43946a3a28df5e6a73172555d8c8b02386,0 ETH,2019-07-28T15:45:22
0xfe6c204f976fe4823ee1726c3b8fee7d83f9e1facde07adba9690c9c0a45b2c4,0x99e462e3de92728b2a57a7b4b83a58dba98de71a,0xdac17f958d2ee523a2206206994597c13d831ec7,0 ETH,2019-07-28T15:45:38
0x2c3c458cadc4890d78b68a3a66b0f331f03edccdf6fe0601d8e29bb359df9d18,0x2b5634c42055806a59e9107ed44d43c426e58258,0x9f8f72aa9304c8b593d555f12ef6589cc3a579a2,0 ETH,2019-07-28T15:47:02
0x1ffb1a1197b7d6d6f0647cefd48cf5fd2fe2ab7e67fb2b28977e596adb5f40ed,0x9fd955721504ac8b31e344a1151cb931db5421b2,0x514fd08e295d9d79ad364aa3e27e410784d87f33,0 ETH,2019-07-28T15:46:03
0x43dc3e0f9d194e1178b2e5c349bbafaca51af697b3238a6fa0790b741f0bce47,0x8c6a25ee32fa47cf4831ac63e404525954f0f473,0x96641f8f33bb4589989442510be8c3201e0ab291,0.01829 ETH,2019-07-28T15:45:22
0x192915f185549c34de939477c1dd473208e5bee707baf7fabff5a427bb1a6f50,0x58e89292f510e2900405827ff70f204065c4dfc8,0xdac17f958d2ee523a2206206994597c13d831ec7,0 ETH,2019-07-28T15:44:33
0x499208926b3565f73083c88c1655bee2f427b869b451f0ae02a4d9cec7c373dc,0xe188c6bebb81b96a65aa20ddb9e2aef62627fa4c,0xf9b6541b14f586459acdc6aec15dc2e12b8db09f,34.0034 ETH,2019-07-28T15:46:48
0xa44c627e8c6faf302ff80066a9bfa0f79835611026809b224f194f7656aa47e3,0xa7a7899d944fe658c4b0a1803bab2f490bd3849e,0x2a0c0dbecc7e4d658f48e01e3fa353f44050c208,0 ETH,2019-07-28T15:46:03
0x23da586e859939539ebaca1eb5ff010be6db3f8fd3f4018e6536a0ed8e071571,0x632fca97032e8a83b418a0c04ca8e3e03731a042,0x9008a896db9912c7e37a42d09d5842c821bca8d8,0.0018 ETH,2019-07-28T15:47:02
0x2f86902972dc4fccdcde86137754a57c961bd098aa5080dbc5a05db2c917fe61,0x89fd00b8d2dcee0f40d8699970115bb861241a54,0x16721ab5a3ff53b7229f8883e4fd7d6eea5aed2a,0.0084 ETH,2019-07-28T15:44:33
0x97b2fe47e614baecafcd2bf13ccde0b20f92485a29ecec27aacbd2c20ec1fb7c,0x28091257f2357c5e2742de9b403152c91241f819,0xdd0d63a18e074497c14df45ff73b2c41cbe8d7c4,2.1176 ETH,2019-07-28T15:45:38
0xb31d908f5cd69dce9a72405dd7db9efb9518279bea2c16e6313f9a4ff8d173d9,0x4f2b050ab4b883623e47f78dd1f4394f5331e4ef,0xf0155486a14539f784739be1c02e93f28eb8e960,0 ETH,2019-07-28T15:46:48
0xa55c361c950711432952bba6865bbe80592f56b9781479810cc5dea30faf0316,0xe9d5c068e7cd46f86a28086951affbad0d324e2c,0xd6626d3c968ee5d6a796c44b21a8dc7fa64290c5,0.00103 ETH,2019-07-28T15:46:34
0x6897731405aea6550b7877108ed5a331d0644c50165b2e5483b5dae186aad9ad,0x736dd132d100b15425e5f7f442bc2ba4bfae4dd3,0x185b257aa51fdc45176cf1ffac6a0bfb5cf28afd,0 ETH,2019-07-28T15:47:02
0x47a64b36f93532e9644d2ac9386d483a26b5f336270a0b86c49836e374e90b2f,0x82081a404e1c6a0297e07b3e8ea12c65aa931573,0xf8a4d3a0b5859a24cd1320ba014ab17f623612e2,0 ETH,2019-07-28T15:44:33
0x921501eb2392543a29d09568f2ee02195f69c92e5a113dee94f9561027c82622,0xcaa4012d54e074d5d81d35caa8d58826902e7524,0xa3646828ae28cefcfc175efa88ecaa72e5b48cf1,0 ETH,2019-07-28T15:46:48
0xcfd847ee40facf4b4b642586706cf856b55feade36bdc1019ebd1976917ff297,0x6a3eb79e1c4023f1610ff046c5dc30f9790d326f,0x4d07fdd4bae81ce2c8b1b76f4db2064c35d7851e,0 ETH,2019-07-28T15:45:38
0xef28f34e55f27b16fc4fb07266cdd45d7490c9c41250d30851e6b744cd54f0d9,0x6da86eedf156ba6e8136d3652c22b58b3d98b005,0x076641af1b8f06b7f8c92587156143c109002cbe,0 ETH,2019-07-28T15:47:02
0x9183dd9f6de2c6fe8c378550ae97d7b24ed0a50ff8416164ad17d50eb14dfc9c,0x40370831a0c5a9798f3e15619313d018340d128b,0xf429b7270f7078d5561789c15d301692e32b1e48,0 ETH,2019-07-28T15:46:48
0xdb37d808c633e7d5c2c926c27f1839ad3881eed803060057dae007597a023f08,0x2496ed2a6c3243f1dd3b5286d65d5fca9d414b73,0xff603f43946a3a28df5e6a73172555d8c8b02386,0 ETH,2019-07-28T15:45:22
0x0efcb2a467264afba952c4dd8ae4495a096dfac72542f323d94ec116c2817896,0x4fe95c36bb9b3a81f278569525162f91615e77d7,0xf5dce57282a584d2746faf1593d3121fcac444dc,0 ETH,2019-07-28T15:46:03
0x15010e449991374088a7635bb138c78be200c4a6447fdf43712b403f83812c32,0x0542a24085351cef0c85d3f3bbaeeffd4fe3a2a2,0x2fc246aa66f0da5bb1368f688548ecbbe9bdee5d,0 ETH,2019-07-28T15:45:38
0x0b843c7cccb6959db77897a0f862711ff4a5242625acfd107baeacbdb5b49300,0xe2fb24a90b91b29926d3b85a08a1477d3ff8ca46,0x2cd12274a3e93b9bf59d1babc7859aaf398be80a,0 ETH,2019-07-28T15:46:03
0xf514087e676a5a051bc87dfa35c06e32e52b75a29bd5f707e76f52d2e59e2ba7,0xa7a7899d944fe658c4b0a1803bab2f490bd3849e,0x2a0c0dbecc7e4d658f48e01e3fa353f44050c208,0 ETH,2019-07-28T15:45:38
0xfa1d24611aeeb3ae5616262882b478b99c868bd1a388f7a6b341738c3556d79d,0x5ad0aa080eb88e2d560dd62fdbc2518c7071aa38,0x117de466dee4a8d9bf09482822260bf1d192b20e,0.002 ETH,2019-07-28T15:46:03
0x51ddde1f5d703c02eae64fd8c8ccf043f8a1a5294667561f0925c1f0e9f55a58,0xaf50ac195accdbe7c26193b21809b257e5d5b0ab,0x8e1b448ec7adfc7fa35fc2e885678bd323176e34,0 ETH,2019-07-28T15:45:22
0xde41bdbaa03bf3c18117928700a681618193bea23bc5b9f59996fbcd6c875237,0x6b73d47e1f670c5461c5071bb5ddef756cd55a31,0x061dcca593e7bdb65cf5ee65d0bd74ae93864307,0.08225 ETH,2019-07-28T15:46:03
0xcdd9ec80fb498c1fe0cd7906ae8c687c825c61dbbcebafff872dd9434c25275c,0xa351b683789193e268748fd69815186d7c2bf46a,0x89d24a6b4ccb1b6faa2625fe562bdd9a23260359,0 ETH,2019-07-28T15:46:13
0x2eb574f6c3658541f78281d0a3012255ef7e7b8a29c88a7a8dc7f20f2cbcbb8f,0x31ac411be69e42182b2ca0d7e59f6d55e6c8044e,0xc05d14442a510de4d3d71a3d316585aa0ce32b50,0 ETH,2019-07-28T15:44:33
0xf92f275031183832dae150bd6fe7307603518d90bf6d0dc899ad8d04cd694bae,0xd1995f58601ab19c9196095f9f80aad13808d81d,0x7fdcd2a1e52f10c28cb7732f46393e297ecadda1,0 ETH,2019-07-28T15:46:48
0xcb4c822b52fdfe07b26c31019baf71e5609830e6b4c8166ffa3f4f55da383319,0x0414ff150a03fb3e233ac7de58e958b50d41a737,0x12459c951127e0c374ff9105dda097662a027093,0 ETH,2019-07-28T15:46:13
0x0983e429f40492d6b757c58e48dd2973b0dc698215bcef37cceee596686dfbc0,0xcdef4f34e5ceb46c7c55134cda34273349be65b7,0x21ab6c9fac80c59d401b37cb43f81ea9dde7fe34,0 ETH,2019-07-28T15:46:03
0xd95a2e9a3d2a833967e0dc22dcea85f1200f158bae9ed18b1ec5d76be635a451,0x501698a6f6f762c79e4d28e3815c135e3f9af996,0x240bae5a27233fd3ac5440b5a598467725f7d1cd,0 ETH,2019-07-28T15:46:03
0x1a85aab0848f3f2c60a0bbec854e3756759fcb8d77e666dd5e37464499b7f2d8,0xe6d7c33400a55ee091206ef559ef8323ae6790af,0xace024458674fe19c02c15624e4afefad71b60b6,0 ETH,2019-07-28T15:46:34
0x6d2cb5a2508b5dbcf9e271dde74b92a9249c9ef929b0253dc14c71b3ad02e068,0x7965ae473fa97855129e42ef0e05b64ccd56df52,0x5f5b176553e51171826d1a62e540bc30422c7717,0 ETH,2019-07-28T15:46:13
0xbfa686479c9bb2b5160041852c45b6311c064ffc171ab9268ae0ecf3bf12eb5a,0xaed17716011bcfe22ba7fab22b7a7e02b694c37b,0xdac17f958d2ee523a2206206994597c13d831ec7,0 ETH,2019-07-28T15:44:33
0x713421e002b46f235a8ff0c8fd586e094fc975f84f2e635cebe4675530ce3c33,0x59a5208b32e627891c389ebafc644145224006e8,0x1985365e9f78359a9b6ad760e32412f4a445e862,0 ETH,2019-07-28T15:46:03
0x99bda150cdbee7e2500898f1f09d2a9e23a980d7cbfe2c95633de9f4af071a1b,0x6da86eedf156ba6e8136d3652c22b58b3d98b005,0x076641af1b8f06b7f8c92587156143c109002cbe,0 ETH,2019-07-28T15:46:34
0xdc722292b9eb9beeca7334b640235e61928cdac1e6a960587f8fd47b679ffecc,0xd39c072573581b8224755bc8d7cf0bfcecadf823,0x466148e685da1848ee71f19c4961f01be4c4eb27,3.49092 ETH,2019-07-28T15:46:48
0x98acb1ff39096090dab7164b2300e53e3b046312b8f510347e9c067b2c30be73,0xc504357043b1e7a66c4f26c4c838b15cc82baa9a,0xeb9a4b185816c354db92db09cc3b50be60b901b6,0 ETH,2019-07-28T15:45:22
0xde1715983966fe0bb12adb9d8230e52ce6801c199362785009f1ffc0a533c2d6,0x0427220720756e3050addc7ab1293216247077f4,0xe41d2489571d322189246dafa5ebde1f4699f498,0 ETH,2019-07-28T15:45:22
0x92104c23a9cf87370fed73f5ee898d18a3f78aabeb1f025ee24dc820aaa796a9,0xf1ffdbbbe114daf3994ccf91526381472e303ccc,0x89d24a6b4ccb1b6faa2625fe562bdd9a23260359,0 ETH,2019-07-28T15:46:48
0x20549e0b496599a5d8c14b17b2b57f0df91da1aeabc242408b9014fb9129fd4d,0x276bfec7ed5c6299b665e686585856cba94dd073,0x8e870d67f660d95d5be530380d0ec0bd388289e1,0 ETH,2019-07-28T15:46:13
0x8b432ad49b1a63a0d65ea8972bdc8749c6e6e44cfe51c9507a0e776a76796edf,0x8805c4f9bb8b42c3dd743865e7e5c52dfc2b6151,0x61958a8c7accf7018f023ee1ee3065a8ce71387f,0 ETH,2019-07-28T15:46:13
0xa2251eae14ae8a1644f950ed0f3a87ed1ad7a92da534661401c4d9fa8fbe4079,0x2059b69cba82825bf872f36c59edbb9df64d3fba,0x7600977eb9effa627d6bd0da2e5be35e11566341,0 ETH,2019-07-28T15:46:34
0x6684dc0b9039712dc0c7d79f0ec9c8be0e6b5c855128dafc742a3d0c6c7134fd,0xc8dfcec53ab1102a38e8f96be8eba37fc5340c99,0x686b30a80826340a59afa564c2a01b79128eb7dd,0 ETH,2019-07-28T15:44:33
0x196299d8e92b547b5de1cdf6ad3b90a6e1f623d168701e2472cf86a034d80742,0x7f6fd88068b58c95b0a2181a8e93f26568a86c03,0xd0eac25bb913c5957a01d19f6d81a2a295a3fb15,0.06771 ETH,2019-07-28T15:46:13
0x130fd20ec22f8a96798c1383bb63a3db362e2e4e279e754bad6937ece377151f,0xa9f16ab51d9d92ea2eed3443087761a8e009605d,0x689c56aef474df92d44a1b70850f808488f9769c,1.19294 ETH,2019-07-28T15:45:22
0x5258deb3ce802827094d838f17fb99d461cec267d29d0695ead36cc72dc10396,0x61ba51d16a13ca9e3d8c402f6dba25b5e612404e,0xe54b3458c47e44c37a267e7c633afef88287c294,0 ETH,2019-07-28T15:44:33
0xb31ee6d19ecc06dd57a816f4f3c103928730f73e833553b57ccbe74a6a88bb19,0xf850c926c924d531bb71f7a3e7aa0a275cfde2b8,0xf0ca4cbb3a5624a4bf9bb3a08dff8b617c6a3d8c,0 ETH,2019-07-28T15:46:48
0x49e3f4880a1f6fe4fa524e2daff70a794ec255fc75085053bacd461b2aca6829,0x794e1ec16bde83a62fd93c7321689b4961d8eda1,0x794e1ec16bde83a62fd93c7321689b4961d8eda1,0.003 ETH,2019-07-28T15:45:22
0x6f2d2a608565b77c120bf513c52cbafd1ebb374f303f549a63897d7615f72da3,0x6d0d8add1fc94eba454acfd7f9e66578562dbaa9,0xde725d5d8ba8d45a66e2196aa4423f26505c39ac,0.005 ETH,2019-07-28T15:46:13
0xf84d2437792d9525f7b984d272f8820297823fd4a774489de0402d3e99fcd457,0xbabdea4dc584393d402dad2c6896208f8e0f8cce,0x63bcfa2aaf618662b76e58eae4ee410f933b47ac,0 ETH,2019-07-28T15:44:33
